Name,Energy,RMSD,MatchScore,GLY_BB_vdW,GLY_BB_ES,GLY_BB_HB,ALA_BB_vdW,ALA_BB_ES,ALA_BB_HB,ALA_SC_vdW,ALA_SC_ES,VAL_BB_vdW,VAL_BB_ES,VAL_BB_HB,VAL_SC_vdW,VAL_SC_ES,LEU_BB_vdW,LEU_BB_ES,LEU_BB_HB,LEU_SC_vdW,LEU_SC_ES,ILE_BB_vdW,ILE_BB_ES,ILE_BB_HB,ILE_SC_vdW,ILE_SC_ES,PRO_BB_vdW,PRO_BB_ES,PRO_BB_HB,PRO_SC_vdW,PRO_SC_ES,ASP_BB_vdW,ASP_BB_ES,ASP_BB_HB,ASP_SC_vdW,ASP_SC_ES,ASP_SC_HB,GLU_BB_vdW,GLU_BB_ES,GLU_BB_HB,GLU_SC_vdW,GLU_SC_ES,GLU_SC_HB,ASN_BB_vdW,ASN_BB_ES,ASN_BB_HB,ASN_SC_vdW,ASN_SC_ES,ASN_SC_HB,GLN_BB_vdW,GLN_BB_ES,GLN_BB_HB,GLN_SC_vdW,GLN_SC_ES,GLN_SC_HB,LYS_BB_vdW,LYS_BB_ES,LYS_BB_HB,LYS_SC_vdW,LYS_SC_ES,LYS_SC_HB,ARG_BB_vdW,ARG_BB_ES,ARG_BB_HB,ARG_SC_vdW,ARG_SC_ES,ARG_SC_HB,TRP_BB_vdW,TRP_BB_ES,TRP_BB_HB,TRP_SC_vdW,TRP_SC_ES,TYR_BB_vdW,TYR_BB_ES,TYR_BB_HB,TYR_SC_vdW,TYR_SC_ES,TYR_SC_HB,PHE_BB_vdW,PHE_BB_ES,PHE_BB_HB,PHE_SC_vdW,PHE_SC_ES,HIS_BB_vdW,HIS_BB_ES,HIS_BB_HB,HIS_SC_vdW,HIS_SC_ES,HIS_SC_HB,CYS_BB_vdW,CYS_BB_ES,CYS_BB_HB,CYS_SC_vdW,CYS_SC_ES,CYS_SC_HB,SER_BB_vdW,SER_BB_ES,SER_BB_HB,SER_SC_vdW,SER_SC_ES,SER_SC_HB,THR_BB_vdW,THR_BB_ES,THR_BB_HB,THR_SC_vdW,THR_SC_ES,THR_SC_HB,MET_BB_vdW,MET_BB_ES,MET_BB_HB,MET_SC_vdW,MET_SC_ES,MET_SC_HB,Bonds,Angles,Torsions,Angles_M,Tors_M,vdW_14,Elec_14,vdW_15,Elec_15,vdW,Elec,HBonds,HB_M,Bond_M,Wat_vdW,Wat_Elec,Wat_HB,No_Wat,Label
1a0q_ligand_DockingRun_0,-83.815,0.948,29.582,-7.570,-1.683,-0.003,0.000,0.000,0.000,0.000,0.000,-0.310,0.059,-0.000,-2.073,-0.071,-1.714,-0.210,0.000,-9.421,-0.071,-2.762,0.206,0.000,-0.119,-0.007,-0.024,0.010,0.000,-0.097,-0.009,-0.011,-0.401,0.000,-1.101,1.779,-0.000,-0.057,-0.018,0.000,0.000,0.000,0.000,0.000,0.000,0.000,0.000,0.000,0.000,-0.516,-0.161,0.000,-0.003,0.004,0.000,-0.621,-0.220,0.000,-5.583,-3.252,-1.122,-1.763,0.087,-0.000,-11.174,-5.994,-8.784,-1.343,-0.227,0.000,-6.231,-0.067,-15.639,-5.816,-14.928,-37.885,-1.368,-0.022,-0.035,0.009,0.000,-3.055,-0.009,-2.082,-0.648,-0.000,-14.276,-0.957,-1.372,0.000,0.000,0.000,0.000,0.000,0.000,0.000,0.000,0.000,0.000,0.000,0.000,-0.141,-0.169,0.000,0.000,0.000,0.000,0.000,0.000,0.000,0.000,0.000,0.000,2.940,10.335,-7.697,0.000,0.000,6.518,0.341,-4.746,-2.086,-67.906,-8.459,-13.414,-0.292,0.000,0.000,0.000,0.000,0.000,1.000,
1a0q_ligand_DockingRun_1,-90.246,1.558,28.908,-6.935,-1.545,-0.003,0.000,0.000,0.000,0.000,0.000,-0.375,-0.155,-0.000,-1.995,-0.078,-1.599,-0.217,0.000,-10.399,-0.112,-2.383,-0.309,0.000,-0.088,-0.003,-0.026,0.008,0.000,-0.115,-0.011,-0.013,-0.295,0.000,-1.402,1.387,-0.000,-0.082,-0.017,0.000,0.000,0.000,0.000,0.000,0.000,0.000,0.000,0.000,0.000,-0.475,-0.039,0.000,-0.002,0.006,0.000,-0.754,-0.079,0.000,-7.266,-2.742,-0.777,-1.855,0.075,-0.000,-11.585,-6.592,-10.718,-1.403,-0.234,0.000,-6.833,-0.033,-15.725,-5.303,-15.521,-33.051,-1.143,-0.010,-0.033,-0.005,0.000,-3.341,-0.003,-2.425,-0.423,-0.001,-16.785,-0.627,-0.725,0.000,0.000,0.000,0.000,0.000,0.000,0.000,0.000,0.000,0.000,0.000,0.000,-0.132,-0.039,-0.000,0.000,0.000,0.000,0.000,0.000,0.000,0.000,0.000,0.000,1.983,9.752,-9.008,0.000,0.000,6.029,0.459,-6.901,-2.242,-68.844,-7.499,-13.976,-0.318,0.000,0.000,0.000,0.000,0.000,0.999,
1a0q_ligand_DockingRun_8,-89.666,1.503,28.674,-6.574,-1.547,-0.002,0.000,0.000,0.000,0.000,0.000,-0.358,-0.147,-0.000,-1.622,-0.077,-1.668,-0.172,0.000,-8.919,-0.075,-2.557,-0.086,0.000,-0.092,-0.001,-0.018,0.006,0.000,-0.092,-0.008,-0.017,-0.358,0.000,-1.470,1.491,-0.000,-0.106,-0.024,0.000,0.000,0.000,0.000,0.000,0.000,0.000,0.000,0.000,0.000,-0.499,0.130,0.000,-0.003,0.032,0.000,-0.678,-0.150,0.000,-6.705,-3.132,-1.292,-1.829,0.167,-0.000,-9.074,-6.479,-10.065,-1.561,-0.262,0.000,-6.645,-0.012,-15.202,-6.909,-16.072,-35.568,-0.701,-0.040,-0.044,-0.004,0.000,-3.317,-0.001,-2.453,-0.213,-0.000,-15.316,-0.362,-0.249,0.000,0.000,0.000,0.000,0.000,0.000,0.000,0.000,0.000,0.000,0.000,0.000,-0.173,-0.240,0.000,0.000,0.000,0.000,0.000,0.000,0.000,0.000,0.000,0.000,2.232,9.677,-11.017,0.000,0.000,6.292,0.435,-6.287,-2.284,-66.771,-8.033,-14.039,-0.230,0.000,0.000,0.000,0.000,0.000,0.999,
1a0q_ligand_DockingRun_1,-89.792,1.584,28.902,-6.797,-1.522,-0.003,0.000,0.000,0.000,0.000,0.000,-0.365,-0.139,-0.000,-1.918,-0.078,-1.641,-0.183,0.000,-10.467,-0.115,-2.542,-0.316,0.000,-0.103,-0.003,-0.024,0.007,0.000,-0.108,-0.011,-0.012,-0.299,0.000,-1.374,1.387,-0.000,-0.082,-0.018,0.000,0.000,0.000,0.000,0.000,0.000,0.000,0.000,0.000,0.000,-0.491,-0.032,0.000,-0.003,0.005,0.000,-0.741,-0.101,0.000,-7.183,-2.775,-0.831,-1.817,0.080,-0.000,-11.137,-6.611,-10.619,-1.437,-0.241,0.000,-6.822,-0.043,-15.524,-5.502,-15.586,-32.812,-1.115,-0.011,-0.032,-0.005,0.000,-3.337,-0.003,-2.511,-0.389,-0.001,-16.661,-0.582,-0.600,0.000,0.000,0.000,0.000,0.000,0.000,0.000,0.000,0.000,0.000,0.000,0.000,-0.138,-0.037,-0.000,0.000,0.000,0.000,0.000,0.000,0.000,0.000,0.000,0.000,1.699,10.147,-9.082,0.000,0.000,6.077,0.473,-6.934,-2.279,-68.437,-7.567,-13.898,-0.308,0.000,0.000,0.000,0.000,0.000,0.999,
1a0q_ligand_DockingRun_1,-89.212,1.550,28.425,-6.497,-1.542,-0.003,0.000,0.000,0.000,0.000,0.000,-0.346,-0.119,-0.000,-1.864,-0.077,-1.748,-0.196,0.000,-10.501,-0.120,-2.763,-0.310,0.000,-0.125,-0.003,-0.023,0.006,0.000,-0.107,-0.010,-0.011,-0.311,0.000,-1.325,1.450,-0.000,-0.080,-0.019,0.000,0.000,0.000,0.000,0.000,0.000,0.000,0.000,0.000,0.000,-0.530,-0.015,0.000,-0.004,0.007,0.000,-0.720,-0.131,0.000,-7.347,-2.870,-0.933,-1.739,0.097,-0.000,-10.612,-6.603,-10.586,-1.468,-0.247,0.000,-6.743,-0.049,-15.606,-5.530,-15.710,-31.835,-1.061,-0.014,-0.033,-0.006,0.000,-3.326,-0.002,-2.573,-0.352,-0.000,-16.312,-0.486,-0.455,0.000,0.000,0.000,0.000,0.000,0.000,0.000,0.000,0.000,0.000,0.000,0.000,-0.144,-0.035,-0.000,0.000,0.000,0.000,0.000,0.000,0.000,0.000,0.000,0.000,1.712,9.881,-9.445,0.000,0.000,6.057,0.471,-6.953,-2.301,-67.318,-7.514,-13.818,-0.291,0.000,0.000,0.000,0.000,0.000,0.999,
1a0q_ligand_DockingRun_1,-89.802,1.584,28.902,-6.800,-1.523,-0.003,0.000,0.000,0.000,0.000,0.000,-0.365,-0.139,-0.000,-1.920,-0.078,-1.641,-0.183,0.000,-10.465,-0.115,-2.541,-0.316,0.000,-0.103,-0.003,-0.024,0.007,0.000,-0.108,-0.011,-0.012,-0.299,0.000,-1.374,1.389,-0.000,-0.082,-0.018,0.000,0.000,0.000,0.000,0.000,0.000,0.000,0.000,0.000,0.000,-0.490,-0.032,0.000,-0.003,0.005,0.000,-0.741,-0.101,0.000,-7.191,-2.777,-0.830,-1.817,0.080,-0.000,-11.156,-6.610,-10.614,-1.436,-0.241,0.000,-6.822,-0.042,-15.527,-5.503,-15.589,-32.805,-1.115,-0.011,-0.032,-0.005,0.000,-3.337,-0.003,-2.511,-0.390,-0.001,-16.656,-0.583,-0.601,0.000,0.000,0.000,0.000,0.000,0.000,0.000,0.000,0.000,0.000,0.000,0.000,-0.138,-0.037,-0.000,0.000,0.000,0.000,0.000,0.000,0.000,0.000,0.000,0.000,1.694,10.154,-9.085,0.000,0.000,6.079,0.473,-6.933,-2.278,-68.446,-7.569,-13.898,-0.308,0.000,0.000,0.000,0.000,0.000,0.999,
1a0q_ligand_DockingRun_1,-89.378,1.547,28.425,-6.624,-1.537,-0.003,0.000,0.000,0.000,0.000,0.000,-0.352,-0.127,-0.000,-1.895,-0.078,-1.678,-0.198,0.000,-10.435,-0.118,-2.663,-0.310,0.000,-0.114,-0.003,-0.024,0.007,0.000,-0.108,-0.011,-0.012,-0.306,0.000,-1.344,1.432,-0.000,-0.079,-0.018,0.000,0.000,0.000,0.000,0.000,0.000,0.000,0.000,0.000,0.000,-0.507,-0.019,0.000,-0.003,0.007,0.000,-0.728,-0.121,0.000,-7.364,-2.844,-0.893,-1.764,0.097,-0.000,-10.812,-6.599,-10.618,-1.439,-0.244,0.000,-6.761,-0.050,-15.675,-5.504,-15.655,-32.398,-1.076,-0.013,-0.032,-0.006,0.000,-3.328,-0.002,-2.548,-0.366,-0.000,-16.463,-0.520,-0.515,0.000,0.000,0.000,0.000,0.000,0.000,0.000,0.000,0.000,0.000,0.000,0.000,-0.141,-0.035,-0.000,0.000,0.000,0.000,0.000,0.000,0.000,0.000,0.000,0.000,1.891,9.731,-9.259,0.000,0.000,6.037,0.464,-6.940,-2.290,-67.652,-7.503,-13.868,-0.300,0.000,0.000,0.000,0.000,0.000,0.999,
1a0q_ligand_DockingRun_1,-89.555,1.495,28.425,-6.910,-1.544,-0.004,0.000,0.000,0.000,0.000,0.000,-0.371,-0.147,-0.000,-1.981,-0.078,-1.573,-0.227,0.000,-10.446,-0.108,-2.405,-0.307,0.000,-0.090,-0.003,-0.024,0.008,0.000,-0.109,-0.011,-0.013,-0.302,0.000,-1.381,1.423,-0.000,-0.081,-0.017,0.000,0.000,0.000,0.000,0.000,0.000,0.000,0.000,0.000,0.000,-0.475,-0.033,0.000,-0.002,0.007,0.000,-0.746,-0.083,0.000,-7.006,-2.784,-0.803,-1.859,0.093,-0.000,-11.602,-6.542,-10.673,-1.395,-0.235,0.000,-6.833,-0.041,-15.826,-5.311,-15.595,-32.916,-1.152,-0.010,-0.033,-0.006,0.000,-3.339,-0.003,-2.435,-0.389,-0.000,-16.449,-0.581,-0.769,0.000,0.000,0.000,0.000,0.000,0.000,0.000,0.000,0.000,0.000,0.000,0.000,-0.136,-0.045,0.000,0.000,0.000,0.000,0.000,0.000,0.000,0.000,0.000,0.000,1.788,9.985,-8.976,0.000,0.000,6.139,0.445,-6.922,-2.249,-68.363,-7.428,-13.985,-0.319,0.000,0.000,0.000,0.000,0.000,0.999,
1a0q_ligand_DockingRun_1,-90.114,1.571,28.902,-6.946,-1.531,-0.004,0.000,0.000,0.000,0.000,0.000,-0.382,-0.157,-0.000,-1.960,-0.079,-1.560,-0.198,0.000,-10.369,-0.111,-2.328,-0.314,0.000,-0.081,-0.003,-0.024,0.008,0.000,-0.110,-0.011,-0.014,-0.293,0.000,-1.430,1.359,-0.000,-0.085,-0.017,0.000,0.000,0.000,0.000,0.000,0.000,0.000,0.000,0.000,0.000,-0.460,-0.036,0.000,-0.002,0.006,0.000,-0.755,-0.068,0.000,-6.857,-2.735,-0.778,-1.885,0.071,-0.000,-11.613,-6.565,-10.632,-1.412,-0.237,0.000,-6.882,-0.028,-15.811,-5.300,-15.413,-33.078,-1.144,-0.010,-0.033,-0.005,0.000,-3.360,-0.003,-2.412,-0.404,-0.001,-16.803,-0.642,-0.750,0.000,0.000,0.000,0.000,0.000,0.000,0.000,0.000,0.000,0.000,0.000,0.000,-0.135,-0.046,-0.000,0.000,0.000,0.000,0.000,0.000,0.000,0.000,0.000,0.000,1.893,9.924,-9.038,0.000,0.000,6.070,0.464,-6.915,-2.260,-68.940,-7.466,-13.840,-0.317,0.000,0.000,0.000,0.000,0.000,0.999,
1a0q_ligand_DockingRun_1,-90.242,1.572,28.902,-6.974,-1.539,-0.004,0.000,0.000,0.000,0.000,0.000,-0.382,-0.150,-0.000,-1.971,-0.079,-1.562,-0.193,0.000,-10.325,-0.110,-2.326,-0.311,0.000,-0.081,-0.003,-0.025,0.008,0.000,-0.111,-0.011,-0.014,-0.298,0.000,-1.437,1.370,-0.000,-0.084,-0.017,0.000,0.000,0.000,0.000,0.000,0.000,0.000,0.000,0.000,0.000,-0.460,-0.038,0.000,-0.002,0.007,0.000,-0.758,-0.072,0.000,-6.821,-2.739,-0.781,-1.888,0.073,-0.000,-11.770,-6.532,-10.520,-1.410,-0.234,0.000,-6.873,-0.028,-15.743,-5.351,-15.525,-33.051,-1.141,-0.010,-0.033,-0.005,0.000,-3.353,-0.003,-2.414,-0.408,-0.001,-16.770,-0.639,-0.748,0.000,0.000,0.000,0.000,0.000,0.000,0.000,0.000,0.000,0.000,0.000,0.000,-0.133,-0.049,-0.000,0.000,0.000,0.000,0.000,0.000,0.000,0.000,0.000,0.000,1.755,9.992,-9.103,0.000,0.000,6.141,0.474,-6.952,-2.248,-68.997,-7.485,-13.809,-0.317,0.000,0.000,0.000,0.000,0.000,0.999,
1a0q_ligand_DockingRun_1,-90.052,1.556,28.425,-6.901,-1.540,-0.003,0.000,0.000,0.000,0.000,0.000,-0.374,-0.150,-0.000,-1.968,-0.079,-1.571,-0.201,0.000,-10.464,-0.112,-2.399,-0.311,0.000,-0.088,-0.003,-0.024,0.008,0.000,-0.110,-0.011,-0.013,-0.296,0.000,-1.400,1.377,-0.000,-0.083,-0.017,0.000,0.000,0.000,0.000,0.000,0.000,0.000,0.000,0.000,0.000,-0.468,-0.033,0.000,-0.002,0.006,0.000,-0.744,-0.078,0.000,-7.025,-2.756,-0.791,-1.860,0.077,-0.000,-11.523,-6.580,-10.643,-1.407,-0.237,0.000,-6.845,-0.036,-15.736,-5.319,-15.513,-32.898,-1.136,-0.010,-0.033,-0.005,0.000,-3.352,-0.003,-2.440,-0.411,-0.001,-16.872,-0.629,-0.718,0.000,0.000,0.000,0.000,0.000,0.000,0.000,0.000,0.000,0.000,0.000,0.000,-0.137,-0.043,-0.000,0.000,0.000,0.000,0.000,0.000,0.000,0.000,0.000,0.000,2.000,9.611,-8.833,0.000,0.000,6.121,0.459,-6.943,-2.252,-68.760,-7.509,-13.951,-0.320,0.000,0.000,0.000,0.000,0.000,0.999,
1a0q_ligand_DockingRun_1,-89.259,1.583,28.425,-6.472,-1.531,-0.003,0.000,0.000,0.000,0.000,0.000,-0.342,-0.114,-0.000,-1.914,-0.077,-1.679,-0.169,0.000,-10.397,-0.121,-2.790,-0.303,0.000,-0.125,-0.004,-0.025,0.007,0.000,-0.112,-0.011,-0.011,-0.310,0.000,-1.337,1.433,-0.000,-0.075,-0.018,0.000,0.000,0.000,0.000,0.000,0.000,0.000,0.000,0.000,0.000,-0.502,-0.026,0.000,-0.003,0.004,0.000,-0.730,-0.133,0.000,-7.458,-2.857,-0.921,-1.727,0.088,-0.000,-10.768,-6.593,-10.511,-1.433,-0.246,0.000,-6.704,-0.053,-15.513,-5.586,-15.623,-32.374,-1.068,-0.013,-0.031,-0.006,0.000,-3.309,-0.002,-2.624,-0.367,-0.001,-16.599,-0.532,-0.467,0.000,0.000,0.000,0.000,0.000,0.000,0.000,0.000,0.000,0.000,0.000,0.000,-0.137,-0.027,-0.000,0.000,0.000,0.000,0.000,0.000,0.000,0.000,0.000,0.000,1.808,9.894,-9.083,0.000,0.000,5.988,0.482,-6.935,-2.303,-67.736,-7.557,-13.830,-0.292,0.000,0.000,0.000,0.000,0.000,0.999,
1a0q_ligand_DockingRun_1,-89.358,1.584,28.425,-6.496,-1.538,-0.003,0.000,0.000,0.000,0.000,0.000,-0.342,-0.115,-0.000,-1.919,-0.077,-1.675,-0.168,0.000,-10.393,-0.121,-2.786,-0.303,0.000,-0.124,-0.004,-0.026,0.007,0.000,-0.112,-0.011,-0.011,-0.311,0.000,-1.342,1.433,-0.000,-0.074,-0.018,0.000,0.000,0.000,0.000,0.000,0.000,0.000,0.000,0.000,0.000,-0.500,-0.026,0.000,-0.003,0.004,0.000,-0.734,-0.133,0.000,-7.445,-2.852,-0.914,-1.730,0.089,-0.000,-10.810,-6.595,-10.459,-1.431,-0.246,0.000,-6.700,-0.053,-15.438,-5.616,-15.668,-32.380,-1.064,-0.013,-0.030,-0.006,0.000,-3.307,-0.002,-2.626,-0.370,-0.001,-16.593,-0.531,-0.465,0.000,0.000,0.000,0.000,0.000,0.000,0.000,0.000,0.000,0.000,0.000,0.000,-0.135,-0.030,-0.000,0.000,0.000,0.000,0.000,0.000,0.000,0.000,0.000,0.000,1.606,10.010,-9.065,0.000,0.000,6.062,0.488,-6.979,-2.301,-67.828,-7.587,-13.801,-0.292,0.000,0.000,0.000,0.000,0.000,0.999,
1a0q_ligand_DockingRun_8,-89.346,1.383,28.872,-6.556,-1.569,-0.003,0.000,0.000,0.000,0.000,0.000,-0.373,-0.170,-0.000,-1.674,-0.079,-1.481,-0.284,0.000,-9.245,-0.074,-2.293,-0.217,0.000,-0.073,-0.002,-0.018,0.005,0.000,-0.095,-0.009,-0.017,-0.323,0.000,-1.481,1.413,-0.000,-0.100,-0.021,0.000,0.000,0.000,0.000,0.000,0.000,0.000,0.000,0.000,0.000,-0.458,0.080,0.000,-0.002,0.034,0.000,-0.700,-0.088,0.000,-7.025,-2.867,-0.947,-1.877,0.176,-0.000,-9.783,-6.600,-10.679,-1.426,-0.249,0.000,-6.692,-0.037,-16.271,-5.812,-15.793,-33.791,-1.032,-0.015,-0.042,-0.005,0.000,-3.318,-0.002,-2.306,-0.441,-0.000,-14.716,-0.473,-0.437,0.000,0.000,0.000,0.000,0.000,0.000,0.000,0.000,0.000,0.000,0.000,0.000,-0.162,-0.120,0.000,0.000,0.000,0.000,0.000,0.000,0.000,0.000,0.000,0.000,1.663,10.131,-10.642,0.000,0.000,6.565,0.453,-6.846,-2.295,-66.577,-7.783,-14.045,-0.283,0.000,0.000,0.000,0.000,0.000,1.000,
1a0q_ligand_DockingRun_8,-89.363,1.383,28.872,-6.556,-1.568,-0.003,0.000,0.000,0.000,0.000,0.000,-0.373,-0.171,-0.000,-1.672,-0.079,-1.481,-0.285,0.000,-9.213,-0.075,-2.294,-0.218,0.000,-0.073,-0.002,-0.018,0.005,0.000,-0.095,-0.009,-0.018,-0.323,0.000,-1.482,1.414,-0.000,-0.100,-0.021,0.000,0.000,0.000,0.000,0.000,0.000,0.000,0.000,0.000,0.000,-0.457,0.080,0.000,-0.002,0.034,0.000,-0.701,-0.088,0.000,-7.003,-2.870,-0.949,-1.877,0.175,-0.000,-9.796,-6.603,-10.671,-1.427,-0.249,0.000,-6.694,-0.035,-16.280,-5.803,-15.776,-33.837,-1.028,-0.015,-0.042,-0.005,0.000,-3.322,-0.002,-2.308,-0.442,-0.000,-14.710,-0.470,-0.433,0.000,0.000,0.000,0.000,0.000,0.000,0.000,0.000,0.000,0.000,0.000,0.000,-0.161,-0.120,0.000,0.000,0.000,0.000,0.000,0.000,0.000,0.000,0.000,0.000,1.602,10.161,-10.618,0.000,0.000,6.522,0.456,-6.854,-2.291,-66.578,-7.780,-14.021,-0.281,0.000,0.000,0.000,0.000,0.000,1.000,
1a0q_ligand_DockingRun_8,-89.344,1.386,28.872,-6.559,-1.568,-0.003,0.000,0.000,0.000,0.000,0.000,-0.374,-0.172,-0.000,-1.668,-0.079,-1.481,-0.287,0.000,-9.154,-0.074,-2.298,-0.219,0.000,-0.073,-0.002,-0.018,0.006,0.000,-0.096,-0.009,-0.018,-0.324,0.000,-1.488,1.411,-0.000,-0.100,-0.021,0.000,0.000,0.000,0.000,0.000,0.000,0.000,0.000,0.000,0.000,-0.456,0.080,0.000,-0.002,0.033,0.000,-0.704,-0.085,0.000,-6.926,-2.867,-0.953,-1.879,0.174,-0.000,-9.799,-6.620,-10.662,-1.428,-0.248,0.000,-6.700,-0.033,-16.251,-5.792,-15.752,-33.899,-1.027,-0.015,-0.041,-0.006,0.000,-3.332,-0.002,-2.314,-0.445,-0.000,-14.712,-0.466,-0.421,0.000,0.000,0.000,0.000,0.000,0.000,0.000,0.000,0.000,0.000,0.000,0.000,-0.160,-0.120,0.000,0.000,0.000,0.000,0.000,0.000,0.000,0.000,0.000,0.000,1.579,10.252,-10.623,0.000,0.000,6.415,0.452,-6.934,-2.261,-66.527,-7.784,-13.972,-0.278,0.000,0.000,0.000,0.000,0.000,1.000,
1a0q_ligand_DockingRun_8,-89.680,1.463,28.196,-6.388,-1.561,-0.002,0.000,0.000,0.000,0.000,0.000,-0.340,-0.115,-0.000,-1.719,-0.076,-1.628,-0.217,0.000,-9.410,-0.077,-2.769,-0.044,0.000,-0.110,-0.002,-0.018,0.006,0.000,-0.090,-0.008,-0.014,-0.338,0.000,-1.388,1.477,-0.000,-0.094,-0.022,0.000,0.000,0.000,0.000,0.000,0.000,0.000,0.000,0.000,0.000,-0.495,0.081,0.000,-0.003,0.028,0.000,-0.670,-0.138,0.000,-6.982,-3.003,-1.102,-1.769,0.164,-0.000,-8.718,-6.552,-10.528,-1.516,-0.258,0.000,-6.645,-0.039,-15.577,-6.672,-15.970,-35.588,-0.849,-0.032,-0.040,-0.006,0.000,-3.320,-0.001,-2.582,-0.205,-0.000,-15.238,-0.387,-0.269,0.000,0.000,0.000,0.000,0.000,0.000,0.000,0.000,0.000,0.000,0.000,0.000,-0.172,-0.187,0.000,0.000,0.000,0.000,0.000,0.000,0.000,0.000,0.000,0.000,2.039,9.667,-10.521,0.000,0.000,6.215,0.439,-6.515,-2.242,-66.868,-7.944,-14.024,-0.245,0.000,0.000,0.000,0.000,0.000,1.000,
1a0q_ligand_DockingRun_8,-89.781,1.465,28.202,-6.391,-1.561,-0.002,0.000,0.000,0.000,0.000,0.000,-0.340,-0.114,-0.000,-1.725,-0.076,-1.628,-0.216,0.000,-9.347,-0.077,-2.772,-0.044,0.000,-0.111,-0.002,-0.018,0.006,0.000,-0.090,-0.008,-0.014,-0.343,0.000,-1.390,1.483,-0.000,-0.094,-0.022,0.000,0.000,0.000,0.000,0.000,0.000,0.000,0.000,0.000,0.000,-0.494,0.080,0.000,-0.003,0.028,0.000,-0.671,-0.138,0.000,-6.883,-3.016,-1.116,-1.771,0.167,-0.000,-8.794,-6.552,-10.518,-1.517,-0.257,0.000,-6.650,-0.038,-15.607,-6.675,-15.968,-35.511,-0.855,-0.032,-0.039,-0.006,0.000,-3.319,-0.001,-2.581,-0.202,-0.000,-15.225,-0.389,-0.272,0.000,0.000,0.000,0.000,0.000,0.000,0.000,0.000,0.000,0.000,0.000,0.000,-0.171,-0.187,0.000,0.000,0.000,0.000,0.000,0.000,0.000,0.000,0.000,0.000,2.024,9.613,-10.519,0.000,0.000,6.242,0.441,-6.519,-2.251,-66.904,-7.954,-14.023,-0.246,0.000,0.000,0.000,0.000,0.000,1.000,
1a0q_ligand_DockingRun_8,-89.062,1.473,29.232,-6.537,-1.576,-0.002,0.000,0.000,0.000,0.000,0.000,-0.360,-0.145,-0.000,-1.591,-0.077,-1.682,-0.163,0.000,-8.939,-0.079,-2.550,-0.187,0.000,-0.100,-0.001,-0.018,0.006,0.000,-0.092,-0.008,-0.017,-0.365,0.000,-1.461,1.483,-0.000,-0.109,-0.024,0.000,0.000,0.000,0.000,0.000,0.000,0.000,0.000,0.000,0.000,-0.520,0.129,0.000,-0.004,0.031,0.000,-0.673,-0.147,0.000,-6.648,-3.138,-1.341,-1.824,0.165,-0.000,-9.227,-6.470,-9.983,-1.534,-0.266,0.000,-6.638,-0.005,-15.552,-6.298,-16.078,-33.869,-0.805,-0.027,-0.046,-0.004,0.000,-3.309,-0.001,-2.377,-0.405,-0.000,-14.699,-0.370,-0.241,0.000,0.000,0.000,0.000,0.000,0.000,0.000,0.000,0.000,0.000,0.000,0.000,-0.177,-0.174,0.000,0.000,0.000,0.000,0.000,0.000,0.000,0.000,0.000,0.000,1.824,9.979,-11.217,0.000,0.000,6.299,0.473,-6.425,-2.332,-65.838,-7.959,-13.997,-0.222,0.000,0.000,0.000,0.000,0.000,1.000,
1a0q_ligand_DockingRun_8,-89.186,1.475,29.232,-6.520,-1.585,-0.002,0.000,0.000,0.000,0.000,0.000,-0.359,-0.147,-0.000,-1.605,-0.076,-1.686,-0.178,0.000,-9.045,-0.081,-2.607,-0.183,0.000,-0.102,-0.002,-0.017,0.005,0.000,-0.092,-0.007,-0.016,-0.363,0.000,-1.460,1.489,-0.000,-0.111,-0.024,0.000,0.000,0.000,0.000,0.000,0.000,0.000,0.000,0.000,0.000,-0.514,0.136,0.000,-0.004,0.032,0.000,-0.667,-0.151,0.000,-6.555,-3.155,-1.354,-1.832,0.162,-0.000,-8.662,-6.513,-10.095,-1.563,-0.271,0.000,-6.617,-0.004,-15.457,-6.327,-16.066,-34.564,-0.820,-0.029,-0.047,-0.004,0.000,-3.323,-0.001,-2.398,-0.461,-0.000,-14.964,-0.361,-0.234,0.000,0.000,0.000,0.000,0.000,0.000,0.000,0.000,0.000,0.000,0.000,0.000,-0.181,-0.189,0.000,0.000,0.000,0.000,0.000,0.000,0.000,0.000,0.000,0.000,1.873,10.019,-11.339,0.000,0.000,6.276,0.475,-6.339,-2.327,-65.988,-7.959,-14.000,-0.219,0.000,0.000,0.000,0.000,0.000,1.000,
1a0q_ligand_DockingRun_8,-89.168,1.477,29.232,-6.539,-1.581,-0.002,0.000,0.000,0.000,0.000,0.000,-0.363,-0.145,-0.000,-1.586,-0.077,-1.670,-0.160,0.000,-8.797,-0.079,-2.564,-0.188,0.000,-0.100,-0.002,-0.017,0.006,0.000,-0.090,-0.007,-0.017,-0.361,0.000,-1.463,1.479,-0.000,-0.107,-0.023,0.000,0.000,0.000,0.000,0.000,0.000,0.000,0.000,0.000,0.000,-0.513,0.127,0.000,-0.004,0.032,0.000,-0.687,-0.150,0.000,-6.584,-3.123,-1.319,-1.828,0.162,-0.000,-9.117,-6.484,-10.039,-1.545,-0.269,0.000,-6.641,-0.006,-15.513,-6.327,-16.073,-33.784,-0.805,-0.027,-0.043,-0.004,0.000,-3.321,-0.000,-2.414,-0.402,-0.000,-14.546,-0.373,-0.236,0.000,0.000,0.000,0.000,0.000,0.000,0.000,0.000,0.000,0.000,0.000,0.000,-0.172,-0.172,0.000,0.000,0.000,0.000,0.000,0.000,0.000,0.000,0.000,0.000,1.849,9.867,-11.271,0.000,0.000,6.290,0.465,-6.415,-2.321,-65.793,-7.964,-14.003,-0.222,0.000,0.000,0.000,0.000,0.000,1.000,
1a0q_ligand_DockingRun_8,-89.067,1.482,29.232,-6.513,-1.569,-0.002,0.000,0.000,0.000,0.000,0.000,-0.363,-0.140,-0.000,-1.530,-0.076,-1.699,-0.149,0.000,-9.002,-0.080,-2.591,-0.183,0.000,-0.103,-0.001,-0.018,0.006,0.000,-0.094,-0.008,-0.016,-0.366,0.000,-1.449,1.498,-0.000,-0.110,-0.023,0.000,0.000,0.000,0.000,0.000,0.000,0.000,0.000,0.000,0.000,-0.524,0.120,0.000,-0.004,0.030,0.000,-0.681,-0.159,0.000,-6.537,-3.162,-1.371,-1.806,0.159,-0.000,-9.095,-6.493,-10.005,-1.550,-0.270,0.000,-6.627,-0.001,-15.551,-6.314,-16.064,-33.670,-0.802,-0.028,-0.044,-0.004,0.000,-3.337,-0.000,-2.410,-0.417,-0.000,-14.738,-0.370,-0.230,0.000,0.000,0.000,0.000,0.000,0.000,0.000,0.000,0.000,0.000,0.000,0.000,-0.174,-0.169,0.000,0.000,0.000,0.000,0.000,0.000,0.000,0.000,0.000,0.000,1.826,9.904,-11.351,0.000,0.000,6.314,0.480,-6.387,-2.335,-65.687,-7.961,-13.964,-0.219,0.000,0.000,0.000,0.000,0.000,1.000,
1a0q_ligand_DockingRun_8,-89.418,1.479,28.674,-6.557,-1.517,-0.002,0.000,0.000,0.000,0.000,0.000,-0.356,-0.145,-0.000,-1.621,-0.077,-1.698,-0.182,0.000,-9.083,-0.082,-2.562,-0.075,0.000,-0.094,-0.001,-0.017,0.006,0.000,-0.092,-0.008,-0.016,-0.361,0.000,-1.457,1.510,-0.000,-0.110,-0.024,0.000,0.000,0.000,0.000,0.000,0.000,0.000,0.000,0.000,0.000,-0.517,0.133,0.000,-0.003,0.032,0.000,-0.665,-0.152,0.000,-6.565,-3.179,-1.343,-1.830,0.166,-0.000,-8.597,-6.487,-10.123,-1.558,-0.262,0.000,-6.610,-0.007,-15.234,-6.756,-16.072,-36.235,-0.670,-0.049,-0.047,-0.004,0.000,-3.331,-0.001,-2.419,-0.249,-0.000,-15.298,-0.362,-0.237,0.000,0.000,0.000,0.000,0.000,0.000,0.000,0.000,0.000,0.000,0.000,0.000,-0.183,-0.244,0.000,0.000,0.000,0.000,0.000,0.000,0.000,0.000,0.000,0.000,2.014,9.840,-10.930,0.000,0.000,6.264,0.449,-6.392,-2.275,-66.470,-8.010,-14.033,-0.222,0.000,0.000,0.000,0.000,0.000,1.000,
1a0q_ligand_DockingRun_8,-88.492,1.477,28.754,-6.426,-1.561,-0.002,0.000,0.000,0.000,0.000,0.000,-0.356,-0.127,-0.000,-1.604,-0.075,-1.734,-0.121,0.000,-9.260,-0.085,-2.766,-0.215,0.000,-0.117,-0.003,-0.016,0.006,0.000,-0.088,-0.007,-0.015,-0.376,0.000,-1.424,1.510,-0.000,-0.111,-0.025,0.000,0.000,0.000,0.000,0.000,0.000,0.000,0.000,0.000,0.000,-0.527,0.115,0.000,-0.004,0.025,0.000,-0.664,-0.163,0.000,-6.564,-3.197,-1.448,-1.795,0.147,-0.000,-9.043,-6.442,-9.885,-1.604,-0.280,0.000,-6.609,0.006,-15.354,-6.121,-16.058,-33.368,-0.789,-0.029,-0.045,-0.004,0.000,-3.321,-0.000,-2.474,-0.470,-0.000,-14.631,-0.347,-0.204,0.000,0.000,0.000,0.000,0.000,0.000,0.000,0.000,0.000,0.000,0.000,0.000,-0.184,-0.154,0.000,0.000,0.000,0.000,0.000,0.000,0.000,0.000,0.000,0.000,1.750,9.661,-11.459,0.000,0.000,6.295,0.494,-6.340,-2.357,-64.858,-7.906,-13.877,-0.206,0.000,0.000,0.000,0.000,0.000,1.000,
1a0q_ligand_DockingRun_8,-88.915,1.481,29.232,-6.515,-1.569,-0.002,0.000,0.000,0.000,0.000,0.000,-0.361,-0.139,-0.000,-1.559,-0.076,-1.713,-0.151,0.000,-9.087,-0.080,-2.616,-0.186,0.000,-0.107,-0.002,-0.018,0.006,0.000,-0.092,-0.008,-0.016,-0.364,0.000,-1.442,1.491,-0.000,-0.106,-0.023,0.000,0.000,0.000,0.000,0.000,0.000,0.000,0.000,0.000,0.000,-0.530,0.115,0.000,-0.005,0.030,0.000,-0.688,-0.153,0.000,-6.405,-3.142,-1.351,-1.806,0.157,-0.000,-9.090,-6.504,-10.035,-1.546,-0.269,0.000,-6.649,-0.003,-15.640,-6.269,-16.066,-33.376,-0.806,-0.028,-0.042,-0.005,0.000,-3.335,-0.000,-2.429,-0.409,-0.000,-14.526,-0.369,-0.229,0.000,0.000,0.000,0.000,0.000,0.000,0.000,0.000,0.000,0.000,0.000,0.000,-0.172,-0.162,0.000,0.000,0.000,0.000,0.000,0.000,0.000,0.000,0.000,0.000,1.772,9.970,-11.285,0.000,0.000,6.226,0.478,-6.442,-2.335,-65.462,-7.952,-13.988,-0.221,0.000,0.000,0.000,0.000,0.000,1.000,
